participant_id,game,latency_ms,score,mean_time_ms,median_time_ms,error_rate,throughput,n_trials,goals,shots,saves,assists,quality_rating,acceptable,game_display,score_z,score_pct_of_baseline
1,dave_the_diver,150.0,3.0,,,,,,,,,,4.0,1.0,Dave the Diver,-0.058850307915882825,100.0
1,dave_the_diver,0.0,2.7,,,,,,,,,,5.0,1.0,Dave the Diver,-0.10751671874984411,90.0
1,dave_the_diver,75.0,2.5,,,,,,,,,,5.0,1.0,Dave the Diver,-0.13996099263915168,83.33333333333334
1,dave_the_diver,225.0,1.0,,,,,,,,,,3.2,2.0,Dave the Diver,-0.38329304680895826,33.33333333333333
1,half_life_2,75.0,15.0,,,,,,,,,,4.5,1.0,Half-Life 2,0.7892807145518231,100.0
1,half_life_2,0.0,13.0,,,,,,,,,,4.5,1.0,Half-Life 2,0.16177803465969046,86.66666666666667
1,half_life_2,150.0,11.0,,,,,,,,,,2.2,2.0,Half-Life 2,-0.4657246452324422,73.33333333333333
1,half_life_2,225.0,10.0,,,,,,,,,,1.5,2.0,Half-Life 2,-0.7794759851785086,66.66666666666666
1,fitts_law,0.0,4.790658311735123,809.6777777777778,769.5,10.0,4.790658311735123,27.0,,,,,5.0,1.0,Fitts Law,1.1115382439295565,100.0
1,fitts_law,150.0,2.97211188986933,1673.0749999999998,1585.15,15.0,2.97211188986933,12.0,,,,,1.1,2.0,Fitts Law,-0.42630228104498274,62.03973851754133
1,fitts_law,225.0,2.066381524572041,1802.0636363636365,1796.0,16.666666666666664,2.066381524572041,11.0,,,,,1.0,2.0,Fitts Law,-1.1922265619468189,43.133560987020616
1,fitts_law,75.0,3.755392231715994,1013.0714285714284,1010.5,6.451612903225806,3.755392231715994,21.0,,,,,3.0,1.0,Fitts Law,0.2360730301510081,78.38989941146174
1,feeding_frenzy,0.0,1.0,,,,,,,,,,5.0,1.0,Feeding Frenzy,-1.3538477685249446,0.10204081632653061
1,feeding_frenzy,150.0,980.0,,,,,,,,,,3.5,1.0,Feeding Frenzy,2.095381226738837,100.0
1,feeding_frenzy,75.0,920.0,,,,,,,,,,4.0,1.0,Feeding Frenzy,1.8839882341792589,93.87755102040816
1,feeding_frenzy,225.0,140.0,,,,,,,,,,2.3,2.0,Feeding Frenzy,-0.8641206690952554,14.285714285714285
10,half_life_2,75.0,7.0,,,,,,,,,,5.0,1.0,Half-Life 2,-1.7207300050167076,100.0
10,half_life_2,150.0,6.0,,,,,,,,,,3.0,1.0,Half-Life 2,-2.034481344962774,85.71428571428571
10,half_life_2,0.0,7.0,,,,,,,,,,2.0,1.0,Half-Life 2,-1.7207300050167076,100.0
10,half_life_2,225.0,5.0,,,,,,,,,,2.0,1.0,Half-Life 2,-2.34823268490884,71.42857142857143
10,fitts_law,225.0,1.9199826695763542,1820.2,1738.75,11.11111111111111,1.9199826695763542,12.0,,,,,1.0,2.0,Fitts Law,-1.3160276864687055,45.538280668630954
10,fitts_law,0.0,4.216194905441246,1034.071428571429,957.4,3.4482758620689653,4.216194905441246,21.0,,,,,5.0,1.0,Fitts Law,0.6257474520688503,100.0
10,fitts_law,150.0,2.116386712504217,1531.0466666666669,1448.4,9.090909090909092,2.116386712504217,15.0,,,,,1.0,2.0,Fitts Law,-1.1499400392952994,50.19660523219398
10,fitts_law,75.0,3.2242297516302396,1224.6555555555558,1167.55,20.0,3.2242297516302396,18.0,,,,,3.0,1.0,Fitts Law,-0.21310064911299983,76.47250243268361
10,feeding_frenzy,0.0,830.0,,,,,,,,,,5.0,1.0,Feeding Frenzy,1.566898745339892,85.56701030927834
10,feeding_frenzy,75.0,970.0,,,,,,,,,,5.0,1.0,Feeding Frenzy,2.0601490613122406,100.0
10,feeding_frenzy,225.0,230.0,,,,,,,,,,2.0,2.0,Feeding Frenzy,-0.5470311802558884,23.711340206185564
10,feeding_frenzy,150.0,610.0,,,,,,,,,,4.0,1.0,Feeding Frenzy,0.7917911059547724,62.88659793814433
11,dave_the_diver,0.0,3.4,,,,,,,,,,4.5,1.0,Dave the Diver,0.006038239862732244,100.0
11,dave_the_diver,225.0,1.3,,,,,,,,,,3.0,2.0,Dave the Diver,-0.334626635974997,38.235294117647065
11,dave_the_diver,150.0,2.4,,,,,,,,,,4.0,1.0,Dave the Diver,-0.15618312958380545,70.58823529411765
11,dave_the_diver,75.0,2.2,,,,,,,,,,4.0,1.0,Dave the Diver,-0.18862740347311296,64.70588235294117
11,rocket_league,0.0,3.0,,,,,,3.0,5.0,0.0,0.0,4.5,1.0,Rocket League,1.4388506947145232,75.0
11,rocket_league,75.0,4.0,,,,,,4.0,4.0,0.0,0.0,4.5,1.0,Rocket League,2.305628221650983,100.0
11,rocket_league,225.0,0.0,,,,,,0.0,0.0,0.0,0.0,3.0,2.0,Rocket League,-1.1614818860948561,0.0
11,rocket_league,150.0,2.0,,,,,,2.0,2.0,0.0,0.0,3.0,2.0,Rocket League,0.5720731677780634,50.0
11,half_life_2,225.0,10.0,,,,,,,,,,2.0,2.0,Half-Life 2,-0.7794759851785086,55.55555555555556
11,half_life_2,0.0,18.0,,,,,,,,,,3.5,2.0,Half-Life 2,1.7305347343900221,100.0
11,half_life_2,150.0,11.0,,,,,,,,,,2.0,2.0,Half-Life 2,-0.4657246452324422,61.111111111111114
11,half_life_2,75.0,13.0,,,,,,,,,,3.0,2.0,Half-Life 2,0.16177803465969046,72.22222222222221
11,fitts_law,75.0,4.818193744117054,980.5818181818183,978.65,6.25,4.818193744117054,22.0,,,,,3.0,2.0,Fitts Law,1.1348233815980164,89.30612403628875
11,fitts_law,0.0,5.39514372178914,677.440625,669.2,8.51063829787234,5.39514372178914,32.0,,,,,5.0,1.0,Fitts Law,1.6227169244183204,100.0
11,fitts_law,225.0,2.550062224545202,1472.6416666666664,1557.6,33.33333333333333,2.550062224545202,12.0,,,,,2.0,2.0,Fitts Law,-0.7832055039066123,47.26588124513483
11,fitts_law,150.0,2.9550857299946,1287.1235294117646,1180.4,14.814814814814813,2.9550857299946,17.0,,,,,2.0,2.0,Fitts Law,-0.4407003290272784,54.77306782505199
11,feeding_frenzy,225.0,180.0,,,,,,,,,,3.0,2.0,Feeding Frenzy,-0.7231920073888701,18.556701030927837
11,feeding_frenzy,75.0,1.0,,,,,,,,,,4.0,1.0,Feeding Frenzy,-1.3538477685249446,0.10309278350515465
11,feeding_frenzy,150.0,290.0,,,,,,,,,,3.0,2.0,Feeding Frenzy,-0.3356381876963104,29.896907216494846
11,feeding_frenzy,0.0,970.0,,,,,,,,,,4.5,1.0,Feeding Frenzy,2.0601490613122406,100.0
12,dave_the_diver,75.0,3.7,,,,,,,,,,5.0,1.0,Dave the Diver,0.0547046506966936,100.0
12,dave_the_diver,0.0,2.4,,,,,,,,,,4.0,1.0,Dave the Diver,-0.15618312958380545,64.86486486486486
12,dave_the_diver,150.0,3.1,,,,,,,,,,3.0,1.0,Dave the Diver,-0.04262817097122904,83.78378378378379
12,dave_the_diver,225.0,1.0,,,,,,,,,,1.0,2.0,Dave the Diver,-0.38329304680895826,27.027027027027025
12,rocket_league,225.0,2.0,,,,,,2.0,1.0,0.0,0.0,2.0,2.0,Rocket League,0.5720731677780634,66.66666666666666
12,rocket_league,0.0,1.0,,,,,,1.0,1.0,0.0,0.0,4.0,1.0,Rocket League,-0.2947043591583964,33.33333333333333
12,rocket_league,75.0,3.0,,,,,,3.0,2.0,0.0,0.0,5.0,1.0,Rocket League,1.4388506947145232,100.0
12,rocket_league,150.0,0.0,,,,,,0.0,0.0,0.0,0.0,5.0,1.0,Rocket League,-1.1614818860948561,0.0
12,half_life_2,225.0,11.0,,,,,,,,,,1.0,2.0,Half-Life 2,-0.4657246452324422,64.70588235294117
12,half_life_2,0.0,17.0,,,,,,,,,,3.0,1.0,Half-Life 2,1.4167833944439558,100.0
12,half_life_2,75.0,17.0,,,,,,,,,,2.0,2.0,Half-Life 2,1.4167833944439558,100.0
12,half_life_2,150.0,14.0,,,,,,,,,,2.0,2.0,Half-Life 2,0.47552937460575684,82.35294117647058
12,fitts_law,0.0,4.743735703217331,706.7928571428572,689.95,7.317073170731707,4.743735703217331,28.0,,,,,4.0,1.0,Fitts Law,1.0718584820887,100.0
12,fitts_law,150.0,2.641485275639737,1291.5529411764708,1243.0,14.814814814814813,2.641485275639737,17.0,,,,,2.0,2.0,Fitts Law,-0.7058942671960601,55.683651891655984
12,fitts_law,225.0,2.022616880188419,1937.7181818181816,1854.5,16.666666666666664,2.022616880188419,11.0,,,,,1.0,2.0,Fitts Law,-1.2292358144382576,42.63763849273106
12,fitts_law,75.0,3.5887425634267163,1095.9777777777779,1081.25,7.4074074074074066,3.5887425634267163,18.0,,,,,2.0,2.0,Fitts Law,0.09514695298995501,75.6522451491708
12,feeding_frenzy,150.0,150.0,,,,,,,,,,1.0,2.0,Feeding Frenzy,-0.8288885036686591,15.957446808510639
12,feeding_frenzy,75.0,940.0,,,,,,,,,,2.0,1.0,Feeding Frenzy,1.9544525650324516,100.0
12,feeding_frenzy,0.0,700.0,,,,,,,,,,3.0,1.0,Feeding Frenzy,1.1088805947941396,74.46808510638297
12,feeding_frenzy,225.0,130.0,,,,,,,,,,1.0,2.0,Feeding Frenzy,-0.8993528345218518,13.829787234042554
13,dave_the_diver,75.0,2.8,,,,,,,,,,4.0,1.0,Dave the Diver,-0.0912945818051904,84.84848484848484
13,dave_the_diver,150.0,2.0,,,,,,,,,,3.0,1.0,Dave the Diver,-0.22107167736242053,60.60606060606061
13,dave_the_diver,225.0,3.3,,,,,,,,,,2.0,1.0,Dave the Diver,-0.010183897081921542,100.0
13,dave_the_diver,0.0,2.9,,,,,,,,,,5.0,1.0,Dave the Diver,-0.07507244486053662,87.87878787878788
13,half_life_2,0.0,14.0,,,,,,,,,,5.0,1.0,Half-Life 2,0.47552937460575684,100.0
13,half_life_2,75.0,13.0,,,,,,,,,,4.0,1.0,Half-Life 2,0.16177803465969046,92.85714285714286
13,half_life_2,150.0,12.0,,,,,,,,,,3.0,2.0,Half-Life 2,-0.1519733052863759,85.71428571428571
13,half_life_2,225.0,11.0,,,,,,,,,,2.0,2.0,Half-Life 2,-0.4657246452324422,78.57142857142857
13,fitts_law,75.0,3.015668148140547,1088.8380952380953,1060.7,9.67741935483871,3.015668148140547,21.0,,,,,4.0,1.0,Fitts Law,-0.3894692487504251,65.4467284027789
13,fitts_law,150.0,2.992176633961376,1653.4916666666666,1642.35,5.555555555555555,2.992176633961376,12.0,,,,,2.5,2.0,Fitts Law,-0.4093346764697124,64.93691012280594
13,fitts_law,225.0,2.3082298710587827,1707.1499999999999,1654.0,10.526315789473683,2.3082298710587827,12.0,,,,,1.0,2.0,Fitts Law,-0.9877092707446464,50.093739112346455
13,fitts_law,0.0,4.60782108095796,839.9576923076922,773.55,2.7777777777777777,4.60782108095796,26.0,,,,,5.0,1.0,Fitts Law,0.9569232725532615,100.0
13,feeding_frenzy,225.0,150.0,,,,,,,,,,2.5,2.0,Feeding Frenzy,-0.8288885036686591,31.914893617021278
13,feeding_frenzy,150.0,470.0,,,,,,,,,,4.0,1.0,Feeding Frenzy,0.2985407899824237,100.0
13,feeding_frenzy,75.0,320.0,,,,,,,,,,4.5,1.0,Feeding Frenzy,-0.22994169141652135,68.08510638297872
13,feeding_frenzy,0.0,470.0,,,,,,,,,,5.0,1.0,Feeding Frenzy,0.2985407899824237,100.0
14,dave_the_diver,150.0,2.1,,,,,,,,,,5.0,1.0,Dave the Diver,-0.20484954041776673,100.0
14,dave_the_diver,225.0,1.0,,,,,,,,,,3.0,1.0,Dave the Diver,-0.38329304680895826,47.61904761904761
14,dave_the_diver,75.0,0.2,,,,,,,,,,5.0,1.0,Dave the Diver,-0.5130701423661884,9.523809523809524
14,dave_the_diver,0.0,2.0,,,,,,,,,,5.0,1.0,Dave the Diver,-0.22107167736242053,95.23809523809523
14,rocket_league,225.0,1.0,,,,,,1.0,1.0,0.0,0.0,2.0,2.0,Rocket League,-0.2947043591583964,50.0
14,rocket_league,150.0,0.0,,,,,,0.0,0.0,0.0,0.0,4.0,1.0,Rocket League,-1.1614818860948561,0.0
14,rocket_league,75.0,1.0,,,,,,1.0,1.0,0.0,0.0,5.0,1.0,Rocket League,-0.2947043591583964,50.0
14,rocket_league,0.0,2.0,,,,,,2.0,3.0,0.0,0.0,5.0,1.0,Rocket League,0.5720731677780634,100.0
14,half_life_2,75.0,12.0,,,,,,,,,,3.0,1.0,Half-Life 2,-0.1519733052863759,66.66666666666666
14,half_life_2,225.0,12.0,,,,,,,,,,1.0,2.0,Half-Life 2,-0.1519733052863759,66.66666666666666
14,half_life_2,150.0,11.0,,,,,,,,,,2.0,2.0,Half-Life 2,-0.4657246452324422,61.111111111111114
14,half_life_2,0.0,18.0,,,,,,,,,,5.0,1.0,Half-Life 2,1.7305347343900221,100.0
14,fitts_law,0.0,4.8172413520697,823.1153846153846,743.4,7.894736842105263,4.8172413520697,26.0,,,,,5.0,1.0,Fitts Law,1.1340179982058332,100.0
14,fitts_law,75.0,3.2902565732899984,1124.7105263157894,1028.8,18.75,3.2902565732899984,19.0,,,,,3.0,2.0,Fitts Law,-0.1572655486928153,68.30167585181006
14,fitts_law,150.0,2.820619180709616,1274.5176470588235,1263.2,8.0,2.820619180709616,17.0,,,,,2.0,2.0,Fitts Law,-0.5544109862079589,58.55258174884166
14,fitts_law,225.0,2.295730887850039,1853.0166666666664,1757.45,15.789473684210526,2.295730887850039,12.0,,,,,1.0,2.0,Fitts Law,-0.998278944781156,47.65654697503773
14,feeding_frenzy,0.0,820.0,,,,,,,,,,5.0,1.0,Feeding Frenzy,1.5316665799132956,100.0
14,feeding_frenzy,75.0,480.0,,,,,,,,,,5.0,1.0,Feeding Frenzy,0.3337729554090201,58.536585365853654
14,feeding_frenzy,225.0,190.0,,,,,,,,,,3.0,1.0,Feeding Frenzy,-0.6879598419622738,23.170731707317074
14,feeding_frenzy,150.0,490.0,,,,,,,,,,4.0,1.0,Feeding Frenzy,0.36900512083561643,59.756097560975604
15,rocket_league,75.0,1.0,,,,,,1.0,3.0,0.0,0.0,4.0,1.0,Rocket League,-0.2947043591583964,100.0
15,rocket_league,0.0,0.0,,,,,,0.0,0.0,0.0,0.0,3.0,2.0,Rocket League,-1.1614818860948561,0.0
15,rocket_league,150.0,0.0,,,,,,0.0,0.0,0.0,0.0,1.0,2.0,Rocket League,-1.1614818860948561,0.0
15,rocket_league,225.0,0.0,,,,,,0.0,0.0,0.0,0.0,2.0,2.0,Rocket League,-1.1614818860948561,0.0
15,feeding_frenzy,0.0,760.0,,,,,,,,,,5.0,1.0,Feeding Frenzy,1.3202735873537175,100.0
15,feeding_frenzy,225.0,190.0,,,,,,,,,,2.0,2.0,Feeding Frenzy,-0.6879598419622738,25.0
15,feeding_frenzy,75.0,310.0,,,,,,,,,,4.0,1.0,Feeding Frenzy,-0.2651738568431177,40.78947368421053
15,feeding_frenzy,150.0,430.0,,,,,,,,,,3.0,1.0,Feeding Frenzy,0.15761212827603838,56.57894736842105
15,dave_the_diver,75.0,3.9,,,,,,,,,,5.0,1.0,Dave the Diver,0.0871489245860011,100.0
15,dave_the_diver,0.0,3.4,,,,,,,,,,5.0,1.0,Dave the Diver,0.006038239862732244,87.17948717948718
15,dave_the_diver,150.0,2.8,,,,,,,,,,5.0,1.0,Dave the Diver,-0.0912945818051904,71.7948717948718
15,dave_the_diver,225.0,1.6,,,,,,,,,,3.0,1.0,Dave the Diver,-0.2859602251410356,41.02564102564103
15,half_life_2,225.0,9.0,,,,,,,,,,1.0,2.0,Half-Life 2,-1.093227325124575,56.25
15,half_life_2,150.0,13.0,,,,,,,,,,1.0,2.0,Half-Life 2,0.16177803465969046,81.25
15,half_life_2,0.0,13.0,,,,,,,,,,5.0,1.0,Half-Life 2,0.16177803465969046,81.25
15,half_life_2,75.0,16.0,,,,,,,,,,5.0,1.0,Half-Life 2,1.1030320544978895,100.0
15,fitts_law,0.0,4.384857435265253,828.6538461538462,783.45,0.0,4.384857435265253,26.0,,,,,5.0,1.0,Fitts Law,0.7683756909135703,100.0
15,fitts_law,150.0,2.4700801052828143,1933.5699999999997,1863.1,17.647058823529413,2.4700801052828143,10.0,,,,,1.0,2.0,Fitts Law,-0.8508418000143856,56.33205051131592
15,fitts_law,75.0,3.630749276546437,1134.0611111111111,1098.75,7.4074074074074066,3.630749276546437,18.0,,,,,2.0,2.0,Fitts Law,0.13066962372288488,82.80199140218573
15,fitts_law,225.0,2.018228918025519,2002.0,1930.75,0.0,2.018228918025519,10.0,,,,,1.0,2.0,Fitts Law,-1.2329464626543418,46.02724142851021
16,dave_the_diver,75.0,3.2,,,,,,,,,,3.5,1.0,Dave the Diver,-0.026406034026575254,12.8
16,dave_the_diver,225.0,2.0,,,,,,,,,,3.0,1.0,Dave the Diver,-0.22107167736242053,8.0
16,dave_the_diver,150.0,3.0,,,,,,,,,,5.0,1.0,Dave the Diver,-0.058850307915882825,12.0
16,dave_the_diver,0.0,25.0,,,,,,,,,,5.0,1.0,Dave the Diver,3.5100198199079466,100.0
16,rocket_league,225.0,0.0,,,,,,0.0,1.0,0.0,0.0,1.5,2.0,Rocket League,-1.1614818860948561,
16,rocket_league,75.0,0.0,,,,,,0.0,1.0,0.0,0.0,4.0,1.0,Rocket League,-1.1614818860948561,
16,rocket_league,0.0,0.0,,,,,,0.0,0.0,0.0,0.0,3.7,1.0,Rocket League,-1.1614818860948561,
16,half_life_2,225.0,12.0,,,,,,,,,,2.5,2.0,Half-Life 2,-0.1519733052863759,85.71428571428571
16,half_life_2,0.0,14.0,,,,,,,,,,4.6,1.0,Half-Life 2,0.47552937460575684,100.0
16,half_life_2,75.0,14.0,,,,,,,,,,3.8,1.0,Half-Life 2,0.47552937460575684,100.0
16,half_life_2,150.0,13.0,,,,,,,,,,2.0,2.0,Half-Life 2,0.16177803465969046,92.85714285714286
16,fitts_law,225.0,2.257830383873025,1704.9583333333333,1781.15,33.33333333333333,2.257830383873025,12.0,,,,,1.0,2.0,Fitts Law,-1.0303292296856301,45.34373430738846
16,fitts_law,75.0,3.8801288534281007,1055.7600000000002,1046.6,28.947368421052634,3.8801288534281007,20.0,,,,,3.0,1.0,Fitts Law,0.3415556450080366,77.92415810547885
16,fitts_law,0.0,4.979365767642845,735.3925925925926,747.1,17.77777777777778,4.979365767642845,27.0,,,,,5.0,1.0,Fitts Law,1.2711173283952693,100.0
16,fitts_law,150.0,2.8368741442642,1079.609523809524,1057.4,40.42553191489361,2.8368741442642,21.0,,,,,2.0,2.0,Fitts Law,-0.5406650947719973,56.972600058804936
16,feeding_frenzy,75.0,300.0,,,,,,,,,,2.7,2.0,Feeding Frenzy,-0.300406022269714,75.0
16,feeding_frenzy,225.0,120.0,,,,,,,,,,1.5,2.0,Feeding Frenzy,-0.9345849999484481,30.0
16,feeding_frenzy,150.0,200.0,,,,,,,,,,3.0,1.0,Feeding Frenzy,-0.6527276765356774,50.0
16,feeding_frenzy,0.0,400.0,,,,,,,,,,4.5,1.0,Feeding Frenzy,0.05191563199624936,100.0
17,dave_the_diver,0.0,1.5,,,,,,,,,,5.0,1.0,Dave the Diver,-0.3021823620856894,44.11764705882353
17,dave_the_diver,75.0,3.4,,,,,,,,,,4.0,1.0,Dave the Diver,0.006038239862732244,100.0
17,dave_the_diver,150.0,1.3,,,,,,,,,,3.0,1.0,Dave the Diver,-0.334626635974997,38.235294117647065
17,rocket_league,0.0,2.0,,,,,,2.0,3.0,0.0,0.0,5.0,1.0,Rocket League,0.5720731677780634,100.0
17,rocket_league,150.0,2.0,,,,,,2.0,3.0,0.0,0.0,1.3,2.0,Rocket League,0.5720731677780634,100.0
17,rocket_league,225.0,2.0,,,,,,2.0,3.0,0.0,0.0,1.0,2.0,Rocket League,0.5720731677780634,100.0
17,rocket_league,75.0,2.0,,,,,,2.0,3.0,0.0,0.0,2.6,2.0,Rocket League,0.5720731677780634,100.0
17,half_life_2,150.0,12.0,,,,,,,,,,1.0,2.0,Half-Life 2,-0.1519733052863759,80.0
17,half_life_2,0.0,13.0,,,,,,,,,,5.0,1.0,Half-Life 2,0.16177803465969046,86.66666666666667
17,half_life_2,225.0,12.0,,,,,,,,,,1.0,2.0,Half-Life 2,-0.1519733052863759,80.0
17,half_life_2,75.0,15.0,,,,,,,,,,3.0,1.0,Half-Life 2,0.7892807145518231,100.0
17,fitts_law,75.0,4.325126235810734,961.6473684210526,950.2,29.72972972972973,4.325126235810734,19.0,,,,,2.7,2.0,Fitts Law,0.7178644375179852,72.16513433434511
17,fitts_law,150.0,3.054078615156607,1307.0533333333333,1089.8,12.5,3.054078615156607,15.0,,,,,2.0,2.0,Fitts Law,-0.3569877173194645,50.957586325596395
17,fitts_law,225.0,2.4596792095358353,1628.8538461538462,1426.5,5.263157894736842,2.4596792095358353,13.0,,,,,1.0,2.0,Fitts Law,-0.8596372416833034,41.03997684642767
17,fitts_law,0.0,5.993373774892708,731.8333333333333,692.55,9.090909090909092,5.993373774892708,30.0,,,,,5.0,1.0,Fitts Law,2.128605807901677,100.0
17,feeding_frenzy,225.0,200.0,,,,,,,,,,2.2,2.0,Feeding Frenzy,-0.6527276765356774,40.0
17,feeding_frenzy,150.0,500.0,,,,,,,,,,3.0,1.0,Feeding Frenzy,0.4042372862622127,100.0
17,feeding_frenzy,0.0,1.0,,,,,,,,,,5.0,1.0,Feeding Frenzy,-1.3538477685249446,0.2
17,feeding_frenzy,75.0,1.0,,,,,,,,,,4.0,1.0,Feeding Frenzy,-1.3538477685249446,0.2
2,rocket_league,150.0,3.0,,,,,,3.0,3.0,0.0,0.0,4.4,1.0,Rocket League,1.4388506947145232,75.0
2,rocket_league,75.0,2.0,,,,,,2.0,3.0,0.0,0.0,5.0,1.0,Rocket League,0.5720731677780634,50.0
2,rocket_league,225.0,1.0,,,,,,1.0,0.0,0.0,0.0,3.5,1.0,Rocket League,-0.2947043591583964,25.0
2,rocket_league,0.0,4.0,,,,,,4.0,5.0,0.0,0.0,5.0,1.0,Rocket League,2.305628221650983,100.0
2,half_life_2,75.0,16.0,,,,,,,,,,4.0,1.0,Half-Life 2,1.1030320544978895,94.11764705882352
2,half_life_2,150.0,15.0,,,,,,,,,,2.4,2.0,Half-Life 2,0.7892807145518231,88.23529411764706
2,half_life_2,0.0,17.0,,,,,,,,,,5.0,1.0,Half-Life 2,1.4167833944439558,100.0
2,half_life_2,225.0,16.0,,,,,,,,,,1.1,2.0,Half-Life 2,1.1030320544978895,94.11764705882352
2,fitts_law,75.0,4.3058032144758025,844.4125,825.85,25.581395348837212,4.3058032144758025,24.0,,,,,1.0,2.0,Fitts Law,0.701524065385325,75.75038226716946
2,fitts_law,0.0,5.684199981050071,587.6473684210526,514.9,15.0,5.684199981050071,38.0,,,,,4.8,1.0,Fitts Law,1.8671552429259866,100.0
2,fitts_law,150.0,3.314968400473291,1126.5105263157893,1102.4,13.333333333333334,3.314968400473291,19.0,,,,,1.0,2.0,Fitts Law,-0.13636817217732092,58.31899671940993
2,fitts_law,225.0,2.80948021857994,1609.7,1664.65,37.03703703703704,2.80948021857994,12.0,,,,,1.0,2.0,Fitts Law,-0.5638305683331143,49.426132577076054
2,feeding_frenzy,75.0,800.0,,,,,,,,,,4.9,1.0,Feeding Frenzy,1.4612022490601029,100.0
2,feeding_frenzy,225.0,320.0,,,,,,,,,,2.9,2.0,Feeding Frenzy,-0.22994169141652135,40.0
2,feeding_frenzy,0.0,1.0,,,,,,,,,,4.8,1.0,Feeding Frenzy,-1.3538477685249446,0.125
2,feeding_frenzy,150.0,310.0,,,,,,,,,,4.0,1.0,Feeding Frenzy,-0.2651738568431177,38.75
3,dave_the_diver,150.0,1.9,,,,,,,,,,3.0,1.0,Dave the Diver,-0.23729381430707433,54.285714285714285
3,dave_the_diver,225.0,1.5,,,,,,,,,,1.0,1.0,Dave the Diver,-0.3021823620856894,42.857142857142854
3,dave_the_diver,75.0,3.5,,,,,,,,,,4.0,1.0,Dave the Diver,0.022260376807386028,100.0
3,dave_the_diver,0.0,0.8,,,,,,,,,,4.0,1.0,Dave the Diver,-0.4157373206982658,22.857142857142858
3,rocket_league,0.0,3.0,,,,,,3.0,3.0,0.0,0.0,4.0,1.0,Rocket League,1.4388506947145232,100.0
3,rocket_league,150.0,0.0,,,,,,0.0,0.0,0.0,0.0,3.0,1.0,Rocket League,-1.1614818860948561,0.0
3,rocket_league,75.0,2.0,,,,,,2.0,2.0,0.0,0.0,3.0,1.0,Rocket League,0.5720731677780634,66.66666666666666
3,rocket_league,225.0,1.0,,,,,,1.0,1.0,0.0,0.0,2.0,1.0,Rocket League,-0.2947043591583964,33.33333333333333
3,half_life_2,0.0,15.0,,,,,,,,,,5.0,1.0,Half-Life 2,0.7892807145518231,100.0
3,half_life_2,150.0,12.0,,,,,,,,,,1.0,1.0,Half-Life 2,-0.1519733052863759,80.0
3,half_life_2,225.0,12.0,,,,,,,,,,1.0,1.0,Half-Life 2,-0.1519733052863759,80.0
3,half_life_2,75.0,13.0,,,,,,,,,,4.0,1.0,Half-Life 2,0.16177803465969046,86.66666666666667
3,fitts_law,150.0,2.3860477614883178,1595.9833333333333,1441.1,22.727272727272727,2.3860477614883178,12.0,,,,,1.0,1.0,Fitts Law,-0.9219031389727741,46.25838755775056
3,fitts_law,0.0,5.158086754557742,834.4653846153847,754.9,5.405405405405405,5.158086754557742,26.0,,,,,4.0,1.0,Fitts Law,1.4222514281556633,100.0
3,fitts_law,225.0,2.289510173735324,1766.875,1832.05,0.0,2.289510173735324,12.0,,,,,1.0,1.0,Fitts Law,-1.0035394463250622,44.38681012319709
3,fitts_law,75.0,3.4552926525291254,1091.685,1026.3,15.625,3.4552926525291254,20.0,,,,,3.0,1.0,Fitts Law,-0.017703991349425737,66.98787393360516
3,feeding_frenzy,150.0,190.0,,,,,,,,,,1.0,1.0,Feeding Frenzy,-0.6879598419622738,27.536231884057973
3,feeding_frenzy,225.0,230.0,,,,,,,,,,1.0,1.0,Feeding Frenzy,-0.5470311802558884,33.33333333333333
3,feeding_frenzy,0.0,1.0,,,,,,,,,,3.0,1.0,Feeding Frenzy,-1.3538477685249446,0.14492753623188406
3,feeding_frenzy,75.0,690.0,,,,,,,,,,3.0,1.0,Feeding Frenzy,1.0736484293675432,100.0
4,dave_the_diver,225.0,1.6,,,,,,,,,,5.0,1.0,Dave the Diver,-0.2859602251410356,41.02564102564103
4,dave_the_diver,75.0,3.9,,,,,,,,,,5.0,1.0,Dave the Diver,0.0871489245860011,100.0
4,dave_the_diver,150.0,3.5,,,,,,,,,,,,Dave the Diver,0.022260376807386028,89.74358974358975
4,dave_the_diver,0.0,3.3,,,,,,,,,,5.0,1.0,Dave the Diver,-0.010183897081921542,84.61538461538461
4,rocket_league,150.0,3.0,,,,,,3.0,3.0,0.0,0.0,3.8,1.0,Rocket League,1.4388506947145232,100.0
4,rocket_league,75.0,3.0,,,,,,3.0,4.0,0.0,0.0,4.0,1.0,Rocket League,1.4388506947145232,100.0
4,rocket_league,0.0,2.0,,,,,,2.0,3.0,0.0,0.0,3.6,1.0,Rocket League,0.5720731677780634,66.66666666666666
4,rocket_league,225.0,0.0,,,,,,0.0,0.0,0.0,0.0,3.5,1.0,Rocket League,-1.1614818860948561,0.0
4,half_life_2,150.0,10.0,,,,,,,,,,4.0,1.0,Half-Life 2,-0.7794759851785086,52.63157894736842
4,half_life_2,75.0,16.0,,,,,,,,,,4.5,1.0,Half-Life 2,1.1030320544978895,84.21052631578947
4,half_life_2,0.0,19.0,,,,,,,,,,5.0,1.0,Half-Life 2,2.0442860743360884,100.0
4,half_life_2,225.0,13.0,,,,,,,,,,3.0,1.0,Half-Life 2,0.16177803465969046,68.42105263157895
4,fitts_law,0.0,5.2861240692779345,745.2862068965516,695.9,2.5,5.2861240692779345,29.0,,,,,5.0,1.0,Fitts Law,1.5305252499938848,100.0
4,fitts_law,225.0,2.299464119860978,1791.1363636363637,1787.7,25.0,2.299464119860978,11.0,,,,,2.5,2.0,Fitts Law,-0.9951219643452848,43.500002832416996
4,fitts_law,75.0,4.205209279904285,1121.747368421053,1166.7,21.21212121212121,4.205209279904285,19.0,,,,,4.0,1.0,Fitts Law,0.6164575379155445,79.55184601784615
4,fitts_law,150.0,3.203739416366419,1119.3526315789475,1091.7,27.77777777777778,3.203739416366419,19.0,,,,,3.5,1.0,Fitts Law,-0.23042815176024542,60.606587631683
4,feeding_frenzy,225.0,220.0,,,,,,,,,,3.5,1.0,Feeding Frenzy,-0.5822633456824847,28.205128205128204
4,feeding_frenzy,150.0,530.0,,,,,,,,,,4.2,1.0,Feeding Frenzy,0.5099337825420017,67.94871794871796
4,feeding_frenzy,75.0,780.0,,,,,,,,,,5.0,1.0,Feeding Frenzy,1.3907379182069102,100.0
4,feeding_frenzy,0.0,1.0,,,,,,,,,,5.0,1.0,Feeding Frenzy,-1.3538477685249446,0.1282051282051282
5,feeding_frenzy,150.0,300.0,,,,,,,,,,4.0,1.0,Feeding Frenzy,-0.300406022269714,41.66666666666667
5,feeding_frenzy,0.0,280.0,,,,,,,,,,3.0,1.0,Feeding Frenzy,-0.3708703531229067,38.88888888888889
5,feeding_frenzy,75.0,720.0,,,,,,,,,,4.0,1.0,Feeding Frenzy,1.1793449256473323,100.0
5,feeding_frenzy,225.0,190.0,,,,,,,,,,3.0,1.0,Feeding Frenzy,-0.6879598419622738,26.38888888888889
5,dave_the_diver,75.0,3.5,,,,,,,,,,4.0,1.0,Dave the Diver,0.022260376807386028,100.0
5,dave_the_diver,150.0,1.0,,,,,,,,,,4.0,1.0,Dave the Diver,-0.38329304680895826,28.57142857142857
5,dave_the_diver,225.0,0.0,,,,,,,,,,4.0,1.0,Dave the Diver,-0.5455144162554959,0.0
5,dave_the_diver,0.0,0.1,,,,,,,,,,3.0,1.0,Dave the Diver,-0.5292922793108422,2.857142857142857
6,dave_the_diver,75.0,2.0,,,,,,,,,,2.0,2.0,Dave the Diver,-0.22107167736242053,95.23809523809523
6,dave_the_diver,150.0,1.1,,,,,,,,,,3.0,2.0,Dave the Diver,-0.36707090986430446,52.38095238095239
6,dave_the_diver,225.0,2.1,,,,,,,,,,2.0,2.0,Dave the Diver,-0.20484954041776673,100.0
6,dave_the_diver,0.0,1.59,,,,,,,,,,3.0,1.0,Dave the Diver,-0.287582438835501,75.71428571428571
6,rocket_league,225.0,0.0,,,,,,0.0,0.0,0.0,0.0,1.0,1.0,Rocket League,-1.1614818860948561,0.0
6,rocket_league,150.0,1.0,,,,,,1.0,1.0,0.0,0.0,1.0,2.0,Rocket League,-0.2947043591583964,33.33333333333333
6,rocket_league,75.0,3.0,,,,,,3.0,4.0,0.0,0.0,4.0,1.0,Rocket League,1.4388506947145232,100.0
6,rocket_league,0.0,2.0,,,,,,2.0,3.0,0.0,0.0,4.0,2.0,Rocket League,0.5720731677780634,66.66666666666666
6,half_life_2,75.0,11.0,,,,,,,,,,4.0,1.0,Half-Life 2,-0.4657246452324422,78.57142857142857
6,half_life_2,0.0,14.0,,,,,,,,,,5.0,1.0,Half-Life 2,0.47552937460575684,100.0
6,half_life_2,225.0,2.0,,,,,,,,,,1.0,2.0,Half-Life 2,-3.2894867047470395,14.285714285714285
6,half_life_2,150.0,8.0,,,,,,,,,,2.0,2.0,Half-Life 2,-1.4069786650706413,57.14285714285714
6,fitts_law,150.0,2.8645290457942036,1236.3352941176472,1261.0,20.689655172413794,2.8645290457942036,17.0,,,,,1.0,2.0,Fitts Law,-0.5172789288893656,60.69897832883393
6,fitts_law,75.0,3.467886285811194,1020.3714285714285,997.0,41.66666666666667,3.467886285811194,21.0,,,,,2.0,2.0,Fitts Law,-0.0070542771683806535,73.4840356457104
6,fitts_law,225.0,1.6497481337441071,2587.45,1912.7,38.88888888888889,1.6497481337441071,8.0,,,,,1.0,2.0,Fitts Law,-1.5445495517638128,34.957937104947064
6,fitts_law,0.0,4.719237662083452,1424.4923076923078,754.9,0.0,4.719237662083452,13.0,,,,,5.0,1.0,Fitts Law,1.051141892187454,100.0
6,feeding_frenzy,150.0,300.0,,,,,,,,,,4.0,1.0,Feeding Frenzy,-0.300406022269714,32.967032967032964
6,feeding_frenzy,75.0,910.0,,,,,,,,,,4.0,1.0,Feeding Frenzy,1.8487560687526625,100.0
6,feeding_frenzy,0.0,300.0,,,,,,,,,,3.0,1.0,Feeding Frenzy,-0.300406022269714,32.967032967032964
6,feeding_frenzy,225.0,240.0,,,,,,,,,,4.0,1.0,Feeding Frenzy,-0.511799014829292,26.373626373626376
7,rocket_league,225.0,1.0,,,,,,1.0,2.0,0.0,0.0,4.0,1.0,Rocket League,-0.2947043591583964,100.0
7,rocket_league,0.0,1.0,,,,,,1.0,1.0,0.0,0.0,4.0,1.0,Rocket League,-0.2947043591583964,100.0
7,rocket_league,150.0,0.0,,,,,,0.0,0.0,0.0,0.0,3.0,1.0,Rocket League,-1.1614818860948561,0.0
7,rocket_league,75.0,0.0,,,,,,0.0,1.0,0.0,0.0,4.0,1.0,Rocket League,-1.1614818860948561,0.0
7,half_life_2,225.0,11.0,,,,,,,,,,5.0,1.0,Half-Life 2,-0.4657246452324422,73.33333333333333
7,half_life_2,75.0,13.0,,,,,,,,,,5.0,1.0,Half-Life 2,0.16177803465969046,86.66666666666667
7,half_life_2,0.0,15.0,,,,,,,,,,5.0,1.0,Half-Life 2,0.7892807145518231,100.0
7,half_life_2,150.0,12.0,,,,,,,,,,5.0,1.0,Half-Life 2,-0.1519733052863759,80.0
7,fitts_law,225.0,2.2075989845709474,1842.47,1777.0500000000002,6.666666666666667,2.2075989845709474,10.0,,,,,2.0,1.0,Fitts Law,-1.072807046333092,45.185536449939754
7,fitts_law,75.0,3.793845615275787,1222.2222222222222,1113.9,4.0,3.793845615275787,18.0,,,,,3.0,1.0,Fitts Law,0.2685908536443274,77.6531202145871
7,fitts_law,0.0,4.885631903511219,776.7777777777779,759.5,2.7027027027027026,4.885631903511219,27.0,,,,,4.0,1.0,Fitts Law,1.1918519694850582,100.0
7,fitts_law,150.0,1.9162386140393197,1702.1083333333336,1585.5500000000002,27.27272727272727,1.9162386140393197,12.0,,,,,3.0,1.0,Fitts Law,-1.3191938197405193,39.22191953638898
7,feeding_frenzy,75.0,260.0,,,,,,,,,,4.0,1.0,Feeding Frenzy,-0.4413346839760994,49.056603773584904
7,feeding_frenzy,150.0,290.0,,,,,,,,,,4.0,1.0,Feeding Frenzy,-0.3356381876963104,54.71698113207547
7,feeding_frenzy,0.0,530.0,,,,,,,,,,5.0,1.0,Feeding Frenzy,0.5099337825420017,100.0
7,feeding_frenzy,225.0,260.0,,,,,,,,,,4.0,1.0,Feeding Frenzy,-0.4413346839760994,49.056603773584904
8,dave_the_diver,75.0,2.6,,,,,,,,,,4.5,1.0,Dave the Diver,-0.1237388556944979,6.341463414634147
8,dave_the_diver,225.0,2.5,,,,,,,,,,1.0,2.0,Dave the Diver,-0.13996099263915168,6.097560975609756
8,dave_the_diver,150.0,41.0,,,,,,,,,,1.5,2.0,Dave the Diver,6.10556173105255,100.0
8,dave_the_diver,0.0,4.5,,,,,,,,,,5.0,1.0,Dave the Diver,0.18448174625392375,10.975609756097562
8,rocket_league,0.0,1.0,,,,,,1.0,1.0,0.0,0.0,5.0,1.0,Rocket League,-0.2947043591583964,100.0
8,rocket_league,225.0,1.0,,,,,,1.0,2.0,0.0,0.0,3.0,2.0,Rocket League,-0.2947043591583964,100.0
8,rocket_league,150.0,1.0,,,,,,1.0,1.0,0.0,0.0,4.0,1.0,Rocket League,-0.2947043591583964,100.0
8,rocket_league,75.0,1.0,,,,,,1.0,1.0,0.0,0.0,4.0,1.0,Rocket League,-0.2947043591583964,100.0
8,half_life_2,75.0,14.0,,,,,,,,,,3.0,1.0,Half-Life 2,0.47552937460575684,100.0
8,half_life_2,0.0,14.0,,,,,,,,,,5.0,1.0,Half-Life 2,0.47552937460575684,100.0
8,half_life_2,225.0,8.0,,,,,,,,,,1.0,2.0,Half-Life 2,-1.4069786650706413,57.14285714285714
8,half_life_2,150.0,14.0,,,,,,,,,,1.5,2.0,Half-Life 2,0.47552937460575684,100.0
8,fitts_law,75.0,4.53575459458515,893.1173913043478,916.0,13.88888888888889,4.53575459458515,23.0,,,,,3.0,2.0,Fitts Law,0.8959807736958902,77.2446291516973
8,fitts_law,225.0,1.74840939531581,1738.3166666666668,1800.1,10.526315789473683,1.74840939531581,12.0,,,,,1.0,2.0,Fitts Law,-1.4611173751276998,29.775692782793843
8,fitts_law,0.0,5.8719352327753205,614.22,559.1,2.083333333333333,5.8719352327753205,35.0,,,,,5.0,1.0,Fitts Law,2.025912190011878,100.0
8,fitts_law,150.0,3.060321697911526,1244.8411764705882,1214.6,23.333333333333332,3.060321697911526,17.0,,,,,1.5,2.0,Fitts Law,-0.3517082998980309,52.11776997862238
8,feeding_frenzy,0.0,730.0,,,,,,,,,,5.0,1.0,Feeding Frenzy,1.2145770910739284,100.0
8,feeding_frenzy,225.0,200.0,,,,,,,,,,3.0,1.0,Feeding Frenzy,-0.6527276765356774,27.397260273972602
8,feeding_frenzy,75.0,470.0,,,,,,,,,,4.5,1.0,Feeding Frenzy,0.2985407899824237,64.38356164383562
8,feeding_frenzy,150.0,210.0,,,,,,,,,,4.0,1.0,Feeding Frenzy,-0.6174955111090811,28.767123287671232
9,dave_the_diver,225.0,0.6,,,,,,,,,,2.0,2.0,Dave the Diver,-0.4481815945875733,25.0
9,dave_the_diver,0.0,2.4,,,,,,,,,,5.0,1.0,Dave the Diver,-0.15618312958380545,100.0
9,dave_the_diver,150.0,0.5,,,,,,,,,,5.0,1.0,Dave the Diver,-0.4644037315322271,20.833333333333336
9,rocket_league,150.0,1.0,,,,,,1.0,1.0,0.0,0.0,5.0,1.0,Rocket League,-0.2947043591583964,100.0
9,rocket_league,0.0,1.0,,,,,,1.0,2.0,0.0,0.0,5.0,1.0,Rocket League,-0.2947043591583964,100.0
9,rocket_league,75.0,1.0,,,,,,1.0,2.0,1.0,0.0,5.0,1.0,Rocket League,-0.2947043591583964,100.0
9,half_life_2,225.0,10.0,,,,,,,,,,1.0,2.0,Half-Life 2,-0.7794759851785086,71.42857142857143
9,half_life_2,150.0,10.0,,,,,,,,,,1.0,2.0,Half-Life 2,-0.7794759851785086,71.42857142857143
9,half_life_2,75.0,11.0,,,,,,,,,,2.0,2.0,Half-Life 2,-0.4657246452324422,78.57142857142857
9,half_life_2,0.0,14.0,,,,,,,,,,5.0,1.0,Half-Life 2,0.47552937460575684,100.0
9,fitts_law,75.0,3.868800961770017,1158.1222222222223,1134.15,7.4074074074074066,3.868800961770017,18.0,,,,,2.0,2.0,Fitts Law,0.33197629600442485,66.71388261000189
9,fitts_law,150.0,2.876307795734202,1027.325,974.05,3.571428571428571,2.876307795734202,20.0,,,,,1.0,2.0,Fitts Law,-0.5073183148662789,49.599258925704284
9,fitts_law,225.0,2.6008181171737634,1772.8083333333336,1511.25,23.809523809523807,2.6008181171737634,12.0,,,,,1.0,2.0,Fitts Law,-0.7402841533010138,44.848695054013234
9,fitts_law,0.0,5.799094297039156,704.2620689655172,676.7,30.357142857142854,5.799094297039156,29.0,,,,,5.0,1.0,Fitts Law,1.9643147836958976,100.0
9,feeding_frenzy,75.0,490.0,,,,,,,,,,4.0,1.0,Feeding Frenzy,0.36900512083561643,100.0
9,feeding_frenzy,225.0,210.0,,,,,,,,,,2.0,2.0,Feeding Frenzy,-0.6174955111090811,42.857142857142854
9,feeding_frenzy,0.0,1.0,,,,,,,,,,5.0,1.0,Feeding Frenzy,-1.3538477685249446,0.20408163265306123
9,feeding_frenzy,150.0,390.0,,,,,,,,,,4.0,1.0,Feeding Frenzy,0.01668346656965302,79.59183673469387
